Term1, Term2
Manafort, shed
Manafort, deal
Manafort, Russian
Manafort, election
Manafort, unanswered
Manafort, cooperate
Manafort, questions
Manafort, chairman
Manafort, Paul
Manafort, revolving
Manafort, Trump
Manafort, prosecutors
Manafort, suggests
Manafort, 2016
Manafort, light
Manafort, legal
Manafort, campaign
Manafort, investigation
Manafort, interference
Manafort, experts
Manafort, US
shed, deal
shed, Russian
shed, election
shed, unanswered
shed, cooperate
shed, questions
shed, chairman
shed, Paul
shed, revolving
shed, Trump
shed, prosecutors
shed, suggests
shed, 2016
shed, light
shed, legal
shed, campaign
shed, investigation
shed, interference
shed, experts
shed, US
deal, Russian
deal, election
deal, unanswered
deal, cooperate
deal, questions
deal, chairman
deal, Paul
deal, revolving
deal, Trump
deal, prosecutors
deal, suggests
deal, 2016
deal, light
deal, legal
deal, campaign
deal, investigation
deal, interference
deal, experts
deal, US
Russian, election
Russian, unanswered
Russian, cooperate
Russian, questions
Russian, chairman
Russian, Paul
Russian, revolving
Russian, Trump
Russian, prosecutors
Russian, suggests
Russian, 2016
Russian, light
Russian, legal
Russian, campaign
Russian, investigation
Russian, interference
Russian, experts
Russian, US
election, unanswered
election, cooperate
election, questions
election, chairman
election, Paul
election, revolving
election, Trump
election, prosecutors
election, suggests
election, 2016
election, light
election, legal
election, campaign
election, investigation
election, interference
election, experts
election, US
unanswered, cooperate
unanswered, questions
unanswered, chairman
unanswered, Paul
unanswered, revolving
unanswered, Trump
unanswered, prosecutors
unanswered, suggests
unanswered, 2016
unanswered, light
unanswered, legal
unanswered, campaign
unanswered, investigation
unanswered, interference
unanswered, experts
unanswered, US
cooperate, questions
cooperate, chairman
cooperate, Paul
cooperate, revolving
cooperate, Trump
cooperate, prosecutors
cooperate, suggests
cooperate, 2016
cooperate, light
cooperate, legal
cooperate, campaign
cooperate, investigation
cooperate, interference
cooperate, experts
cooperate, US
questions, chairman
questions, Paul
questions, revolving
questions, Trump
questions, prosecutors
questions, suggests
questions, 2016
questions, light
questions, legal
questions, campaign
questions, investigation
questions, interference
questions, experts
questions, US
chairman, Paul
chairman, revolving
chairman, Trump
chairman, prosecutors
chairman, suggests
chairman, 2016
chairman, light
chairman, legal
chairman, campaign
chairman, investigation
chairman, interference
chairman, experts
chairman, US
Paul, revolving
Paul, Trump
Paul, prosecutors
Paul, suggests
Paul, 2016
Paul, light
Paul, legal
Paul, campaign
Paul, investigation
Paul, interference
Paul, experts
Paul, US
revolving, Trump
revolving, prosecutors
revolving, suggests
revolving, 2016
revolving, light
revolving, legal
revolving, campaign
revolving, investigation
revolving, interference
revolving, experts
revolving, US
Trump, prosecutors
Trump, suggests
Trump, 2016
Trump, light
Trump, legal
Trump, campaign
Trump, investigation
Trump, interference
Trump, experts
Trump, US
prosecutors, suggests
prosecutors, 2016
prosecutors, light
prosecutors, legal
prosecutors, campaign
prosecutors, investigation
prosecutors, interference
prosecutors, experts
prosecutors, US
suggests, 2016
suggests, light
suggests, legal
suggests, campaign
suggests, investigation
suggests, interference
suggests, experts
suggests, US
2016, light
2016, legal
2016, campaign
2016, investigation
2016, interference
2016, experts
2016, US
light, legal
light, campaign
light, investigation
light, interference
light, experts
light, US
legal, campaign
legal, investigation
legal, interference
legal, experts
legal, US
campaign, investigation
campaign, interference
campaign, experts
campaign, US
investigation, interference
investigation, experts
investigation, US
interference, experts
interference, US
experts, US
Brett, misconduct
Brett, allegation
Brett, student
Brett, back
Brett, Republican
Brett, confirmation
Brett, court
Brett, Court
Brett, senior
Brett, senator
Brett, Supreme
Brett, high
Brett, delay
Brett, school
Brett, nominee
Brett, dating
Brett, denied
Brett, Kavanaugh
Brett, US
Brett, sexual
misconduct, allegation
misconduct, student
misconduct, back
misconduct, Republican
misconduct, confirmation
misconduct, court
misconduct, Court
misconduct, senior
misconduct, senator
misconduct, Supreme
misconduct, high
misconduct, delay
misconduct, school
misconduct, nominee
misconduct, dating
misconduct, denied
misconduct, Kavanaugh
misconduct, US
misconduct, sexual
allegation, student
allegation, back
allegation, Republican
allegation, confirmation
allegation, court
allegation, Court
allegation, senior
allegation, senator
allegation, Supreme
allegation, high
allegation, delay
allegation, school
allegation, nominee
allegation, dating
allegation, denied
allegation, Kavanaugh
allegation, US
allegation, sexual
student, back
student, Republican
student, confirmation
student, court
student, Court
student, senior
student, senator
student, Supreme
student, high
student, delay
student, school
student, nominee
student, dating
student, denied
student, Kavanaugh
student, US
student, sexual
back, Republican
back, confirmation
back, court
back, Court
back, senior
back, senator
back, Supreme
back, high
back, delay
back, school
back, nominee
back, dating
back, denied
back, Kavanaugh
back, US
back, sexual
Republican, confirmation
Republican, court
Republican, Court
Republican, senior
Republican, senator
Republican, Supreme
Republican, high
Republican, delay
Republican, school
Republican, nominee
Republican, dating
Republican, denied
Republican, Kavanaugh
Republican, US
Republican, sexual
confirmation, court
confirmation, Court
confirmation, senior
confirmation, senator
confirmation, Supreme
confirmation, high
confirmation, delay
confirmation, school
confirmation, nominee
confirmation, dating
confirmation, denied
confirmation, Kavanaugh
confirmation, US
confirmation, sexual
court, Court
court, senior
court, senator
court, Supreme
court, high
court, delay
court, school
court, nominee
court, dating
court, denied
court, Kavanaugh
court, US
court, sexual
Court, senior
Court, senator
Court, Supreme
Court, high
Court, delay
Court, school
Court, nominee
Court, dating
Court, denied
Court, Kavanaugh
Court, US
Court, sexual
senior, senator
senior, Supreme
senior, high
senior, delay
senior, school
senior, nominee
senior, dating
senior, denied
senior, Kavanaugh
senior, US
senior, sexual
senator, Supreme
senator, high
senator, delay
senator, school
senator, nominee
senator, dating
senator, denied
senator, Kavanaugh
senator, US
senator, sexual
Supreme, high
Supreme, delay
Supreme, school
Supreme, nominee
Supreme, dating
Supreme, denied
Supreme, Kavanaugh
Supreme, US
Supreme, sexual
high, delay
high, school
high, nominee
high, dating
high, denied
high, Kavanaugh
high, US
high, sexual
delay, school
delay, nominee
delay, dating
delay, denied
delay, Kavanaugh
delay, US
delay, sexual
school, nominee
school, dating
school, denied
school, Kavanaugh
school, US
school, sexual
nominee, dating
nominee, denied
nominee, Kavanaugh
nominee, US
nominee, sexual
dating, denied
dating, Kavanaugh
dating, US
dating, sexual
denied, Kavanaugh
denied, US
denied, sexual
Kavanaugh, US
Kavanaugh, sexual
US, sexual
Manafort, hunt
Manafort, Russian
Manafort, meddling
Manafort, election
Manafort, cooperate
Manafort, dramatic
Manafort, turnaround
Manafort, political
Manafort, chairman
Manafort, Paul
Manafort, Donald
Manafort, Trump
Manafort, probe
Manafort, 2016
Manafort, federal
Manafort, campaign
Manafort, investigation
Manafort, witch
Manafort, derides
Manafort, US
Manafort, president
hunt, Russian
hunt, meddling
hunt, election
hunt, cooperate
hunt, dramatic
hunt, turnaround
hunt, political
hunt, chairman
hunt, Paul
hunt, Donald
hunt, Trump
hunt, probe
hunt, 2016
hunt, federal
hunt, campaign
hunt, investigation
hunt, witch
hunt, derides
hunt, US
hunt, president
Russian, meddling
Russian, election
Russian, cooperate
Russian, dramatic
Russian, turnaround
Russian, political
Russian, chairman
Russian, Paul
Russian, Donald
Russian, Trump
Russian, probe
Russian, 2016
Russian, federal
Russian, campaign
Russian, investigation
Russian, witch
Russian, derides
Russian, US
Russian, president
meddling, election
meddling, cooperate
meddling, dramatic
meddling, turnaround
meddling, political
meddling, chairman
meddling, Paul
meddling, Donald
meddling, Trump
meddling, probe
meddling, 2016
meddling, federal
meddling, campaign
meddling, investigation
meddling, witch
meddling, derides
meddling, US
meddling, president
election, cooperate
election, dramatic
election, turnaround
election, political
election, chairman
election, Paul
election, Donald
election, Trump
election, probe
election, 2016
election, federal
election, campaign
election, investigation
election, witch
election, derides
election, US
election, president
cooperate, dramatic
cooperate, turnaround
cooperate, political
cooperate, chairman
cooperate, Paul
cooperate, Donald
cooperate, Trump
cooperate, probe
cooperate, 2016
cooperate, federal
cooperate, campaign
cooperate, investigation
cooperate, witch
cooperate, derides
cooperate, US
cooperate, president
dramatic, turnaround
dramatic, political
dramatic, chairman
dramatic, Paul
dramatic, Donald
dramatic, Trump
dramatic, probe
dramatic, 2016
dramatic, federal
dramatic, campaign
dramatic, investigation
dramatic, witch
dramatic, derides
dramatic, US
dramatic, president
turnaround, political
turnaround, chairman
turnaround, Paul
turnaround, Donald
turnaround, Trump
turnaround, probe
turnaround, 2016
turnaround, federal
turnaround, campaign
turnaround, investigation
turnaround, witch
turnaround, derides
turnaround, US
turnaround, president
political, chairman
political, Paul
political, Donald
political, Trump
political, probe
political, 2016
political, federal
political, campaign
political, investigation
political, witch
political, derides
political, US
political, president
chairman, Paul
chairman, Donald
chairman, Trump
chairman, probe
chairman, 2016
chairman, federal
chairman, campaign
chairman, investigation
chairman, witch
chairman, derides
chairman, US
chairman, president
Paul, Donald
Paul, Trump
Paul, probe
Paul, 2016
Paul, federal
Paul, campaign
Paul, investigation
Paul, witch
Paul, derides
Paul, US
Paul, president
Donald, Trump
Donald, probe
Donald, 2016
Donald, federal
Donald, campaign
Donald, investigation
Donald, witch
Donald, derides
Donald, US
Donald, president
Trump, probe
Trump, 2016
Trump, federal
Trump, campaign
Trump, investigation
Trump, witch
Trump, derides
Trump, US
Trump, president
probe, 2016
probe, federal
probe, campaign
probe, investigation
probe, witch
probe, derides
probe, US
probe, president
2016, federal
2016, campaign
2016, investigation
2016, witch
2016, derides
2016, US
2016, president
federal, campaign
federal, investigation
federal, witch
federal, derides
federal, US
federal, president
campaign, investigation
campaign, witch
campaign, derides
campaign, US
campaign, president
investigation, witch
investigation, derides
investigation, US
investigation, president
witch, derides
witch, US
witch, president
derides, US
derides, president
US, president
June, quickly
June, lifted
June, restrictions
June, tax
June, sales
June, states
June, Court
June, announced
June, Supreme
June, ruling
June, federal
June, restrained
June, ability
June, cash
June, US
June, internet
June, legislation
quickly, lifted
quickly, restrictions
quickly, tax
quickly, sales
quickly, states
quickly, Court
quickly, announced
quickly, Supreme
quickly, ruling
quickly, federal
quickly, restrained
quickly, ability
quickly, cash
quickly, US
quickly, internet
quickly, legislation
lifted, restrictions
lifted, tax
lifted, sales
lifted, states
lifted, Court
lifted, announced
lifted, Supreme
lifted, ruling
lifted, federal
lifted, restrained
lifted, ability
lifted, cash
lifted, US
lifted, internet
lifted, legislation
restrictions, tax
restrictions, sales
restrictions, states
restrictions, Court
restrictions, announced
restrictions, Supreme
restrictions, ruling
restrictions, federal
restrictions, restrained
restrictions, ability
restrictions, cash
restrictions, US
restrictions, internet
restrictions, legislation
tax, sales
tax, states
tax, Court
tax, announced
tax, Supreme
tax, ruling
tax, federal
tax, restrained
tax, ability
tax, cash
tax, US
tax, internet
tax, legislation
sales, states
sales, Court
sales, announced
sales, Supreme
sales, ruling
sales, federal
sales, restrained
sales, ability
sales, cash
sales, US
sales, internet
sales, legislation
states, Court
states, announced
states, Supreme
states, ruling
states, federal
states, restrained
states, ability
states, cash
states, US
states, internet
states, legislation
Court, announced
Court, Supreme
Court, ruling
Court, federal
Court, restrained
Court, ability
Court, cash
Court, US
Court, internet
Court, legislation
announced, Supreme
announced, ruling
announced, federal
announced, restrained
announced, ability
announced, cash
announced, US
announced, internet
announced, legislation
Supreme, ruling
Supreme, federal
Supreme, restrained
Supreme, ability
Supreme, cash
Supreme, US
Supreme, internet
Supreme, legislation
ruling, federal
ruling, restrained
ruling, ability
ruling, cash
ruling, US
ruling, internet
ruling, legislation
federal, restrained
federal, ability
federal, cash
federal, US
federal, internet
federal, legislation
restrained, ability
restrained, cash
restrained, US
restrained, internet
restrained, legislation
ability, cash
ability, US
ability, internet
ability, legislation
cash, US
cash, internet
cash, legislation
US, internet
US, legislation
internet, legislation
Leader, Democratic
Leader, administration
Leader, United
Leader, Nancy
Leader, NAFTA
Leader, House
Leader, Representatives
Leader, Pelosi
Leader, Trump
Leader, States
Leader, arrangement
Leader, Canada
Leader, pact
Leader, warned
Leader, trilateral
Leader, Mexico
Leader, US-Mexico
Leader, maintained
Leader, US
Democratic, administration
Democratic, United
Democratic, Nancy
Democratic, NAFTA
Democratic, House
Democratic, Representatives
Democratic, Pelosi
Democratic, Trump
Democratic, States
Democratic, arrangement
Democratic, Canada
Democratic, pact
Democratic, warned
Democratic, trilateral
Democratic, Mexico
Democratic, US-Mexico
Democratic, maintained
Democratic, US
administration, United
administration, Nancy
administration, NAFTA
administration, House
administration, Representatives
administration, Pelosi
administration, Trump
administration, States
administration, arrangement
administration, Canada
administration, pact
administration, warned
administration, trilateral
administration, Mexico
administration, US-Mexico
administration, maintained
administration, US
United, Nancy
United, NAFTA
United, House
United, Representatives
United, Pelosi
United, Trump
United, States
United, arrangement
United, Canada
United, pact
United, warned
United, trilateral
United, Mexico
United, US-Mexico
United, maintained
United, US
Nancy, NAFTA
Nancy, House
Nancy, Representatives
Nancy, Pelosi
Nancy, Trump
Nancy, States
Nancy, arrangement
Nancy, Canada
Nancy, pact
Nancy, warned
Nancy, trilateral
Nancy, Mexico
Nancy, US-Mexico
Nancy, maintained
Nancy, US
NAFTA, House
NAFTA, Representatives
NAFTA, Pelosi
NAFTA, Trump
NAFTA, States
NAFTA, arrangement
NAFTA, Canada
NAFTA, pact
NAFTA, warned
NAFTA, trilateral
NAFTA, Mexico
NAFTA, US-Mexico
NAFTA, maintained
NAFTA, US
House, Representatives
House, Pelosi
House, Trump
House, States
House, arrangement
House, Canada
House, pact
House, warned
House, trilateral
House, Mexico
House, US-Mexico
House, maintained
House, US
Representatives, Pelosi
Representatives, Trump
Representatives, States
Representatives, arrangement
Representatives, Canada
Representatives, pact
Representatives, warned
Representatives, trilateral
Representatives, Mexico
Representatives, US-Mexico
Representatives, maintained
Representatives, US
Pelosi, Trump
Pelosi, States
Pelosi, arrangement
Pelosi, Canada
Pelosi, pact
Pelosi, warned
Pelosi, trilateral
Pelosi, Mexico
Pelosi, US-Mexico
Pelosi, maintained
Pelosi, US
Trump, States
Trump, arrangement
Trump, Canada
Trump, pact
Trump, warned
Trump, trilateral
Trump, Mexico
Trump, US-Mexico
Trump, maintained
Trump, US
States, arrangement
States, Canada
States, pact
States, warned
States, trilateral
States, Mexico
States, US-Mexico
States, maintained
States, US
arrangement, Canada
arrangement, pact
arrangement, warned
arrangement, trilateral
arrangement, Mexico
arrangement, US-Mexico
arrangement, maintained
arrangement, US
Canada, pact
Canada, warned
Canada, trilateral
Canada, Mexico
Canada, US-Mexico
Canada, maintained
Canada, US
pact, warned
pact, trilateral
pact, Mexico
pact, US-Mexico
pact, maintained
pact, US
warned, trilateral
warned, Mexico
warned, US-Mexico
warned, maintained
warned, US
trilateral, Mexico
trilateral, US-Mexico
trilateral, maintained
trilateral, US
Mexico, US-Mexico
Mexico, maintained
Mexico, US
US-Mexico, maintained
US-Mexico, US
maintained, US
Manafort, Mueller
Manafort, deal
Manafort, Russian
Manafort, meddling
Manafort, election
Manafort, cooperate
Manafort, chairman
Manafort, Paul
Manafort, Donald
Manafort, Trump
Manafort, prosecutors
Manafort, President
Manafort, 2016
Manafort, Robert
Manafort, Special
Manafort, campaign
Manafort, investigation
Manafort, Counsel
Manafort, US
Manafort, agreed
Mueller, deal
Mueller, Russian
Mueller, meddling
Mueller, election
Mueller, cooperate
Mueller, chairman
Mueller, Paul
Mueller, Donald
Mueller, Trump
Mueller, prosecutors
Mueller, President
Mueller, 2016
Mueller, Robert
Mueller, Special
Mueller, campaign
Mueller, investigation
Mueller, Counsel
Mueller, US
Mueller, agreed
deal, Russian
deal, meddling
deal, election
deal, cooperate
deal, chairman
deal, Paul
deal, Donald
deal, Trump
deal, prosecutors
deal, President
deal, 2016
deal, Robert
deal, Special
deal, campaign
deal, investigation
deal, Counsel
deal, US
deal, agreed
Russian, meddling
Russian, election
Russian, cooperate
Russian, chairman
Russian, Paul
Russian, Donald
Russian, Trump
Russian, prosecutors
Russian, President
Russian, 2016
Russian, Robert
Russian, Special
Russian, campaign
Russian, investigation
Russian, Counsel
Russian, US
Russian, agreed
meddling, election
meddling, cooperate
meddling, chairman
meddling, Paul
meddling, Donald
meddling, Trump
meddling, prosecutors
meddling, President
meddling, 2016
meddling, Robert
meddling, Special
meddling, campaign
meddling, investigation
meddling, Counsel
meddling, US
meddling, agreed
election, cooperate
election, chairman
election, Paul
election, Donald
election, Trump
election, prosecutors
election, President
election, 2016
election, Robert
election, Special
election, campaign
election, investigation
election, Counsel
election, US
election, agreed
cooperate, chairman
cooperate, Paul
cooperate, Donald
cooperate, Trump
cooperate, prosecutors
cooperate, President
cooperate, 2016
cooperate, Robert
cooperate, Special
cooperate, campaign
cooperate, investigation
cooperate, Counsel
cooperate, US
cooperate, agreed
chairman, Paul
chairman, Donald
chairman, Trump
chairman, prosecutors
chairman, President
chairman, 2016
chairman, Robert
chairman, Special
chairman, campaign
chairman, investigation
chairman, Counsel
chairman, US
chairman, agreed
Paul, Donald
Paul, Trump
Paul, prosecutors
Paul, President
Paul, 2016
Paul, Robert
Paul, Special
Paul, campaign
Paul, investigation
Paul, Counsel
Paul, US
Paul, agreed
Donald, Trump
Donald, prosecutors
Donald, President
Donald, 2016
Donald, Robert
Donald, Special
Donald, campaign
Donald, investigation
Donald, Counsel
Donald, US
Donald, agreed
Trump, prosecutors
Trump, President
Trump, 2016
Trump, Robert
Trump, Special
Trump, campaign
Trump, investigation
Trump, Counsel
Trump, US
Trump, agreed
prosecutors, President
prosecutors, 2016
prosecutors, Robert
prosecutors, Special
prosecutors, campaign
prosecutors, investigation
prosecutors, Counsel
prosecutors, US
prosecutors, agreed
President, 2016
President, Robert
President, Special
President, campaign
President, investigation
President, Counsel
President, US
President, agreed
2016, Robert
2016, Special
2016, campaign
2016, investigation
2016, Counsel
2016, US
2016, agreed
Robert, Special
Robert, campaign
Robert, investigation
Robert, Counsel
Robert, US
Robert, agreed
Special, campaign
Special, investigation
Special, Counsel
Special, US
Special, agreed
campaign, investigation
campaign, Counsel
campaign, US
campaign, agreed
investigation, Counsel
investigation, US
investigation, agreed
Counsel, US
Counsel, agreed
US, agreed
But, New
But, feet
But, Andrew
But, York
But, 2020
But, heavy
But, route
But, aspirations
But, Cuomo
But, term
But, ground
But, heads
But, governor
But, presidential
But, favorite
But, shifted
But, November
New, feet
New, Andrew
New, York
New, 2020
New, heavy
New, route
New, aspirations
New, Cuomo
New, term
New, ground
New, heads
New, governor
New, presidential
New, favorite
New, shifted
New, November
feet, Andrew
feet, York
feet, 2020
feet, heavy
feet, route
feet, aspirations
feet, Cuomo
feet, term
feet, ground
feet, heads
feet, governor
feet, presidential
feet, favorite
feet, shifted
feet, November
Andrew, York
Andrew, 2020
Andrew, heavy
Andrew, route
Andrew, aspirations
Andrew, Cuomo
Andrew, term
Andrew, ground
Andrew, heads
Andrew, governor
Andrew, presidential
Andrew, favorite
Andrew, shifted
Andrew, November
York, 2020
York, heavy
York, route
York, aspirations
York, Cuomo
York, term
York, ground
York, heads
York, governor
York, presidential
York, favorite
York, shifted
York, November
2020, heavy
2020, route
2020, aspirations
2020, Cuomo
2020, term
2020, ground
2020, heads
2020, governor
2020, presidential
2020, favorite
2020, shifted
2020, November
heavy, route
heavy, aspirations
heavy, Cuomo
heavy, term
heavy, ground
heavy, heads
heavy, governor
heavy, presidential
heavy, favorite
heavy, shifted
heavy, November
route, aspirations
route, Cuomo
route, term
route, ground
route, heads
route, governor
route, presidential
route, favorite
route, shifted
route, November
aspirations, Cuomo
aspirations, term
aspirations, ground
aspirations, heads
aspirations, governor
aspirations, presidential
aspirations, favorite
aspirations, shifted
aspirations, November
Cuomo, term
Cuomo, ground
Cuomo, heads
Cuomo, governor
Cuomo, presidential
Cuomo, favorite
Cuomo, shifted
Cuomo, November
term, ground
term, heads
term, governor
term, presidential
term, favorite
term, shifted
term, November
ground, heads
ground, governor
ground, presidential
ground, favorite
ground, shifted
ground, November
heads, governor
heads, presidential
heads, favorite
heads, shifted
heads, November
governor, presidential
governor, favorite
governor, shifted
governor, November
presidential, favorite
presidential, shifted
presidential, November
favorite, shifted
favorite, November
shifted, November
agreement, Leader
agreement, Democratic
agreement, administration
agreement, United
agreement, Nancy
agreement, NAFTA
agreement, House
agreement, Representatives
agreement, Pelosi
agreement, Trump
agreement, States
agreement, arrangement
agreement, Canada
agreement, trade
agreement, pact
agreement, warned
agreement, trilateral
agreement, Mexico
agreement, US-Mexico
agreement, maintained
agreement, US
Leader, Democratic
Leader, administration
Leader, United
Leader, Nancy
Leader, NAFTA
Leader, House
Leader, Representatives
Leader, Pelosi
Leader, Trump
Leader, States
Leader, arrangement
Leader, Canada
Leader, trade
Leader, pact
Leader, warned
Leader, trilateral
Leader, Mexico
Leader, US-Mexico
Leader, maintained
Leader, US
Democratic, administration
Democratic, United
Democratic, Nancy
Democratic, NAFTA
Democratic, House
Democratic, Representatives
Democratic, Pelosi
Democratic, Trump
Democratic, States
Democratic, arrangement
Democratic, Canada
Democratic, trade
Democratic, pact
Democratic, warned
Democratic, trilateral
Democratic, Mexico
Democratic, US-Mexico
Democratic, maintained
Democratic, US
administration, United
administration, Nancy
administration, NAFTA
administration, House
administration, Representatives
administration, Pelosi
administration, Trump
administration, States
administration, arrangement
administration, Canada
administration, trade
administration, pact
administration, warned
administration, trilateral
administration, Mexico
administration, US-Mexico
administration, maintained
administration, US
United, Nancy
United, NAFTA
United, House
United, Representatives
United, Pelosi
United, Trump
United, States
United, arrangement
United, Canada
United, trade
United, pact
United, warned
United, trilateral
United, Mexico
United, US-Mexico
United, maintained
United, US
Nancy, NAFTA
Nancy, House
Nancy, Representatives
Nancy, Pelosi
Nancy, Trump
Nancy, States
Nancy, arrangement
Nancy, Canada
Nancy, trade
Nancy, pact
Nancy, warned
Nancy, trilateral
Nancy, Mexico
Nancy, US-Mexico
Nancy, maintained
Nancy, US
NAFTA, House
NAFTA, Representatives
NAFTA, Pelosi
NAFTA, Trump
NAFTA, States
NAFTA, arrangement
NAFTA, Canada
NAFTA, trade
NAFTA, pact
NAFTA, warned
NAFTA, trilateral
NAFTA, Mexico
NAFTA, US-Mexico
NAFTA, maintained
NAFTA, US
House, Representatives
House, Pelosi
House, Trump
House, States
House, arrangement
House, Canada
House, trade
House, pact
House, warned
House, trilateral
House, Mexico
House, US-Mexico
House, maintained
House, US
Representatives, Pelosi
Representatives, Trump
Representatives, States
Representatives, arrangement
Representatives, Canada
Representatives, trade
Representatives, pact
Representatives, warned
Representatives, trilateral
Representatives, Mexico
Representatives, US-Mexico
Representatives, maintained
Representatives, US
Pelosi, Trump
Pelosi, States
Pelosi, arrangement
Pelosi, Canada
Pelosi, trade
Pelosi, pact
Pelosi, warned
Pelosi, trilateral
Pelosi, Mexico
Pelosi, US-Mexico
Pelosi, maintained
Pelosi, US
Trump, States
Trump, arrangement
Trump, Canada
Trump, trade
Trump, pact
Trump, warned
Trump, trilateral
Trump, Mexico
Trump, US-Mexico
Trump, maintained
Trump, US
States, arrangement
States, Canada
States, trade
States, pact
States, warned
States, trilateral
States, Mexico
States, US-Mexico
States, maintained
States, US
arrangement, Canada
arrangement, trade
arrangement, pact
arrangement, warned
arrangement, trilateral
arrangement, Mexico
arrangement, US-Mexico
arrangement, maintained
arrangement, US
Canada, trade
Canada, pact
Canada, warned
Canada, trilateral
Canada, Mexico
Canada, US-Mexico
Canada, maintained
Canada, US
trade, pact
trade, warned
trade, trilateral
trade, Mexico
trade, US-Mexico
trade, maintained
trade, US
pact, warned
pact, trilateral
pact, Mexico
pact, US-Mexico
pact, maintained
pact, US
warned, trilateral
warned, Mexico
warned, US-Mexico
warned, maintained
warned, US
trilateral, Mexico
trilateral, US-Mexico
trilateral, maintained
trilateral, US
Mexico, US-Mexico
Mexico, maintained
Mexico, US
US-Mexico, maintained
US-Mexico, US
maintained, US
Russian, election
Russian, meddling
Russian, manager
Russian, decision
Russian, counts
Russian, victory
Russian, cooperate
Russian, House
Russian, Donald
Russian, Trump
Russian, probe
Russian, plead
Russian, President
Russian, White
Russian, guilty
Russian, 2016
Russian, campaign
Russian, criminal
election, meddling
election, manager
election, decision
election, counts
election, victory
election, cooperate
election, House
election, Donald
election, Trump
election, probe
election, plead
election, President
election, White
election, guilty
election, 2016
election, campaign
election, criminal
meddling, manager
meddling, decision
meddling, counts
meddling, victory
meddling, cooperate
meddling, House
meddling, Donald
meddling, Trump
meddling, probe
meddling, plead
meddling, President
meddling, White
meddling, guilty
meddling, 2016
meddling, campaign
meddling, criminal
manager, decision
manager, counts
manager, victory
manager, cooperate
manager, House
manager, Donald
manager, Trump
manager, probe
manager, plead
manager, President
manager, White
manager, guilty
manager, 2016
manager, campaign
manager, criminal
decision, counts
decision, victory
decision, cooperate
decision, House
decision, Donald
decision, Trump
decision, probe
decision, plead
decision, President
decision, White
decision, guilty
decision, 2016
decision, campaign
decision, criminal
counts, victory
counts, cooperate
counts, House
counts, Donald
counts, Trump
counts, probe
counts, plead
counts, President
counts, White
counts, guilty
counts, 2016
counts, campaign
counts, criminal
victory, cooperate
victory, House
victory, Donald
victory, Trump
victory, probe
victory, plead
victory, President
victory, White
victory, guilty
victory, 2016
victory, campaign
victory, criminal
cooperate, House
cooperate, Donald
cooperate, Trump
cooperate, probe
cooperate, plead
cooperate, President
cooperate, White
cooperate, guilty
cooperate, 2016
cooperate, campaign
cooperate, criminal
House, Donald
House, Trump
House, probe
House, plead
House, President
House, White
House, guilty
House, 2016
House, campaign
House, criminal
Donald, Trump
Donald, probe
Donald, plead
Donald, President
Donald, White
Donald, guilty
Donald, 2016
Donald, campaign
Donald, criminal
Trump, probe
Trump, plead
Trump, President
Trump, White
Trump, guilty
Trump, 2016
Trump, campaign
Trump, criminal
probe, plead
probe, President
probe, White
probe, guilty
probe, 2016
probe, campaign
probe, criminal
plead, President
plead, White
plead, guilty
plead, 2016
plead, campaign
plead, criminal
President, White
President, guilty
President, 2016
President, campaign
President, criminal
White, guilty
White, 2016
White, campaign
White, criminal
guilty, 2016
guilty, campaign
guilty, criminal
2016, campaign
2016, criminal
campaign, criminal
Manafort, election
Manafort, meddling
Manafort, agreement
Manafort, told
Manafort, investigating
Manafort, cooperate
Manafort, chairman
Manafort, alleged
Manafort, court
Manafort, Paul
Manafort, Washington
Manafort, Donald
Manafort, Trump
Manafort, prosecutors
Manafort, Russia
Manafort, President
Manafort, federal
Manafort, campaign
Manafort, US
Manafort, agreed
election, meddling
election, agreement
election, told
election, investigating
election, cooperate
election, chairman
election, alleged
election, court
election, Paul
election, Washington
election, Donald
election, Trump
election, prosecutors
election, Russia
election, President
election, federal
election, campaign
election, US
election, agreed
meddling, agreement
meddling, told
meddling, investigating
meddling, cooperate
meddling, chairman
meddling, alleged
meddling, court
meddling, Paul
meddling, Washington
meddling, Donald
meddling, Trump
meddling, prosecutors
meddling, Russia
meddling, President
meddling, federal
meddling, campaign
meddling, US
meddling, agreed
agreement, told
agreement, investigating
agreement, cooperate
agreement, chairman
agreement, alleged
agreement, court
agreement, Paul
agreement, Washington
agreement, Donald
agreement, Trump
agreement, prosecutors
agreement, Russia
agreement, President
agreement, federal
agreement, campaign
agreement, US
agreement, agreed
told, investigating
told, cooperate
told, chairman
told, alleged
told, court
told, Paul
told, Washington
told, Donald
told, Trump
told, prosecutors
told, Russia
told, President
told, federal
told, campaign
told, US
told, agreed
investigating, cooperate
investigating, chairman
investigating, alleged
investigating, court
investigating, Paul
investigating, Washington
investigating, Donald
investigating, Trump
investigating, prosecutors
investigating, Russia
investigating, President
investigating, federal
investigating, campaign
investigating, US
investigating, agreed
cooperate, chairman
cooperate, alleged
cooperate, court
cooperate, Paul
cooperate, Washington
cooperate, Donald
cooperate, Trump
cooperate, prosecutors
cooperate, Russia
cooperate, President
cooperate, federal
cooperate, campaign
cooperate, US
cooperate, agreed
chairman, alleged
chairman, court
chairman, Paul
chairman, Washington
chairman, Donald
chairman, Trump
chairman, prosecutors
chairman, Russia
chairman, President
chairman, federal
chairman, campaign
chairman, US
chairman, agreed
alleged, court
alleged, Paul
alleged, Washington
alleged, Donald
alleged, Trump
alleged, prosecutors
alleged, Russia
alleged, President
alleged, federal
alleged, campaign
alleged, US
alleged, agreed
court, Paul
court, Washington
court, Donald
court, Trump
court, prosecutors
court, Russia
court, President
court, federal
court, campaign
court, US
court, agreed
Paul, Washington
Paul, Donald
Paul, Trump
Paul, prosecutors
Paul, Russia
Paul, President
Paul, federal
Paul, campaign
Paul, US
Paul, agreed
Washington, Donald
Washington, Trump
Washington, prosecutors
Washington, Russia
Washington, President
Washington, federal
Washington, campaign
Washington, US
Washington, agreed
Donald, Trump
Donald, prosecutors
Donald, Russia
Donald, President
Donald, federal
Donald, campaign
Donald, US
Donald, agreed
Trump, prosecutors
Trump, Russia
Trump, President
Trump, federal
Trump, campaign
Trump, US
Trump, agreed
prosecutors, Russia
prosecutors, President
prosecutors, federal
prosecutors, campaign
prosecutors, US
prosecutors, agreed
Russia, President
Russia, federal
Russia, campaign
Russia, US
Russia, agreed
President, federal
President, campaign
President, US
President, agreed
federal, campaign
federal, US
federal, agreed
campaign, US
campaign, agreed
US, agreed
conservative, Catholic
conservative, helping
conservative, church
conservative, craft
conservative, House
conservative, Roman
conservative, curriculum
conservative, stepping
conservative, thinking
conservative, Trump
conservative, influence
conservative, efforts
conservative, White
conservative, Steve
conservative, Bannon
conservative, Former
conservative, leadership
conservative, right-wing
conservative, Italy
conservative, institute
conservative, adviser
Catholic, helping
Catholic, church
Catholic, craft
Catholic, House
Catholic, Roman
Catholic, curriculum
Catholic, stepping
Catholic, thinking
Catholic, Trump
Catholic, influence
Catholic, efforts
Catholic, White
Catholic, Steve
Catholic, Bannon
Catholic, Former
Catholic, leadership
Catholic, right-wing
Catholic, Italy
Catholic, institute
Catholic, adviser
helping, church
helping, craft
helping, House
helping, Roman
helping, curriculum
helping, stepping
helping, thinking
helping, Trump
helping, influence
helping, efforts
helping, White
helping, Steve
helping, Bannon
helping, Former
helping, leadership
helping, right-wing
helping, Italy
helping, institute
helping, adviser
church, craft
church, House
church, Roman
church, curriculum
church, stepping
church, thinking
church, Trump
church, influence
church, efforts
church, White
church, Steve
church, Bannon
church, Former
church, leadership
church, right-wing
church, Italy
church, institute
church, adviser
craft, House
craft, Roman
craft, curriculum
craft, stepping
craft, thinking
craft, Trump
craft, influence
craft, efforts
craft, White
craft, Steve
craft, Bannon
craft, Former
craft, leadership
craft, right-wing
craft, Italy
craft, institute
craft, adviser
House, Roman
House, curriculum
House, stepping
House, thinking
House, Trump
House, influence
House, efforts
House, White
House, Steve
House, Bannon
House, Former
House, leadership
House, right-wing
House, Italy
House, institute
House, adviser
Roman, curriculum
Roman, stepping
Roman, thinking
Roman, Trump
Roman, influence
Roman, efforts
Roman, White
Roman, Steve
Roman, Bannon
Roman, Former
Roman, leadership
Roman, right-wing
Roman, Italy
Roman, institute
Roman, adviser
curriculum, stepping
curriculum, thinking
curriculum, Trump
curriculum, influence
curriculum, efforts
curriculum, White
curriculum, Steve
curriculum, Bannon
curriculum, Former
curriculum, leadership
curriculum, right-wing
curriculum, Italy
curriculum, institute
curriculum, adviser
stepping, thinking
stepping, Trump
stepping, influence
stepping, efforts
stepping, White
stepping, Steve
stepping, Bannon
stepping, Former
stepping, leadership
stepping, right-wing
stepping, Italy
stepping, institute
stepping, adviser
thinking, Trump
thinking, influence
thinking, efforts
thinking, White
thinking, Steve
thinking, Bannon
thinking, Former
thinking, leadership
thinking, right-wing
thinking, Italy
thinking, institute
thinking, adviser
Trump, influence
Trump, efforts
Trump, White
Trump, Steve
Trump, Bannon
Trump, Former
Trump, leadership
Trump, right-wing
Trump, Italy
Trump, institute
Trump, adviser
influence, efforts
influence, White
influence, Steve
influence, Bannon
influence, Former
influence, leadership
influence, right-wing
influence, Italy
influence, institute
influence, adviser
efforts, White
efforts, Steve
efforts, Bannon
efforts, Former
efforts, leadership
efforts, right-wing
efforts, Italy
efforts, institute
efforts, adviser
White, Steve
White, Bannon
White, Former
White, leadership
White, right-wing
White, Italy
White, institute
White, adviser
Steve, Bannon
Steve, Former
Steve, leadership
Steve, right-wing
Steve, Italy
Steve, institute
Steve, adviser
Bannon, Former
Bannon, leadership
Bannon, right-wing
Bannon, Italy
Bannon, institute
Bannon, adviser
Former, leadership
Former, right-wing
Former, Italy
Former, institute
Former, adviser
leadership, right-wing
leadership, Italy
leadership, institute
leadership, adviser
right-wing, Italy
right-wing, institute
right-wing, adviser
Italy, institute
Italy, adviser
institute, adviser
New, York
New, potent
New, For
New, office
New, sting
New, years
New, rocky
New, Donald
New, Trump
New, President
New, general
New, attorney
New, nemesis
New, grown
New, tenure
York, potent
York, For
York, office
York, sting
York, years
York, rocky
York, Donald
York, Trump
York, President
York, general
York, attorney
York, nemesis
York, grown
York, tenure
potent, For
potent, office
potent, sting
potent, years
potent, rocky
potent, Donald
potent, Trump
potent, President
potent, general
potent, attorney
potent, nemesis
potent, grown
potent, tenure
For, office
For, sting
For, years
For, rocky
For, Donald
For, Trump
For, President
For, general
For, attorney
For, nemesis
For, grown
For, tenure
office, sting
office, years
office, rocky
office, Donald
office, Trump
office, President
office, general
office, attorney
office, nemesis
office, grown
office, tenure
sting, years
sting, rocky
sting, Donald
sting, Trump
sting, President
sting, general
sting, attorney
sting, nemesis
sting, grown
sting, tenure
years, rocky
years, Donald
years, Trump
years, President
years, general
years, attorney
years, nemesis
years, grown
years, tenure
rocky, Donald
rocky, Trump
rocky, President
rocky, general
rocky, attorney
rocky, nemesis
rocky, grown
rocky, tenure
Donald, Trump
Donald, President
Donald, general
Donald, attorney
Donald, nemesis
Donald, grown
Donald, tenure
Trump, President
Trump, general
Trump, attorney
Trump, nemesis
Trump, grown
Trump, tenure
President, general
President, attorney
President, nemesis
President, grown
President, tenure
general, attorney
general, nemesis
general, grown
general, tenure
attorney, nemesis
attorney, grown
attorney, tenure
nemesis, grown
nemesis, tenure
grown, tenure
activist, Nixon
activist, New
activist, actress
activist, election
activist, turned
activist, Cynthia
activist, race
activist, York
activist, Andrew
activist, Democratic
activist, back
activist, nomination
activist, Governor
activist, general
activist, Cuomo
activist, challenge
activist, aggressive
activist, November
Nixon, New
Nixon, actress
Nixon, election
Nixon, turned
Nixon, Cynthia
Nixon, race
Nixon, York
Nixon, Andrew
Nixon, Democratic
Nixon, back
Nixon, nomination
Nixon, Governor
Nixon, general
Nixon, Cuomo
Nixon, challenge
Nixon, aggressive
Nixon, November
New, actress
New, election
New, turned
New, Cynthia
New, race
New, York
New, Andrew
New, Democratic
New, back
New, nomination
New, Governor
New, general
New, Cuomo
New, challenge
New, aggressive
New, November
actress, election
actress, turned
actress, Cynthia
actress, race
actress, York
actress, Andrew
actress, Democratic
actress, back
actress, nomination
actress, Governor
actress, general
actress, Cuomo
actress, challenge
actress, aggressive
actress, November
election, turned
election, Cynthia
election, race
election, York
election, Andrew
election, Democratic
election, back
election, nomination
election, Governor
election, general
election, Cuomo
election, challenge
election, aggressive
election, November
turned, Cynthia
turned, race
turned, York
turned, Andrew
turned, Democratic
turned, back
turned, nomination
turned, Governor
turned, general
turned, Cuomo
turned, challenge
turned, aggressive
turned, November
Cynthia, race
Cynthia, York
Cynthia, Andrew
Cynthia, Democratic
Cynthia, back
Cynthia, nomination
Cynthia, Governor
Cynthia, general
Cynthia, Cuomo
Cynthia, challenge
Cynthia, aggressive
Cynthia, November
race, York
race, Andrew
race, Democratic
race, back
race, nomination
race, Governor
race, general
race, Cuomo
race, challenge
race, aggressive
race, November
York, Andrew
York, Democratic
York, back
York, nomination
York, Governor
York, general
York, Cuomo
York, challenge
York, aggressive
York, November
Andrew, Democratic
Andrew, back
Andrew, nomination
Andrew, Governor
Andrew, general
Andrew, Cuomo
Andrew, challenge
Andrew, aggressive
Andrew, November
Democratic, back
Democratic, nomination
Democratic, Governor
Democratic, general
Democratic, Cuomo
Democratic, challenge
Democratic, aggressive
Democratic, November
back, nomination
back, Governor
back, general
back, Cuomo
back, challenge
back, aggressive
back, November
nomination, Governor
nomination, general
nomination, Cuomo
nomination, challenge
nomination, aggressive
nomination, November
Governor, general
Governor, Cuomo
Governor, challenge
Governor, aggressive
Governor, November
general, Cuomo
general, challenge
general, aggressive
general, November
Cuomo, challenge
Cuomo, aggressive
Cuomo, November
challenge, aggressive
challenge, November
aggressive, November
Congress, southwest
Congress, border
Congress, funding
Congress, multibillion-dollar
Congress, advanced
Congress, moved
Congress, elections
Congress, put
Congress, lawmakers
Congress, Donald
Congress, Trump
Congress, President
Congress, government
Congress, Nov
Congress, 6
Congress, future
Congress, decisions
Congress, programs
Congress, wall
Congress, US
Congress, negotiators
Congress, legislation
southwest, border
southwest, funding
southwest, multibillion-dollar
southwest, advanced
southwest, moved
southwest, elections
southwest, put
southwest, lawmakers
southwest, Donald
southwest, Trump
southwest, President
southwest, government
southwest, Nov
southwest, 6
southwest, future
southwest, decisions
southwest, programs
southwest, wall
southwest, US
southwest, negotiators
southwest, legislation
border, funding
border, multibillion-dollar
border, advanced
border, moved
border, elections
border, put
border, lawmakers
border, Donald
border, Trump
border, President
border, government
border, Nov
border, 6
border, future
border, decisions
border, programs
border, wall
border, US
border, negotiators
border, legislation
funding, multibillion-dollar
funding, advanced
funding, moved
funding, elections
funding, put
funding, lawmakers
funding, Donald
funding, Trump
funding, President
funding, government
funding, Nov
funding, 6
funding, future
funding, decisions
funding, programs
funding, wall
funding, US
funding, negotiators
funding, legislation
multibillion-dollar, advanced
multibillion-dollar, moved
multibillion-dollar, elections
multibillion-dollar, put
multibillion-dollar, lawmakers
multibillion-dollar, Donald
multibillion-dollar, Trump
multibillion-dollar, President
multibillion-dollar, government
multibillion-dollar, Nov
multibillion-dollar, 6
multibillion-dollar, future
multibillion-dollar, decisions
multibillion-dollar, programs
multibillion-dollar, wall
multibillion-dollar, US
multibillion-dollar, negotiators
multibillion-dollar, legislation
advanced, moved
advanced, elections
advanced, put
advanced, lawmakers
advanced, Donald
advanced, Trump
advanced, President
advanced, government
advanced, Nov
advanced, 6
advanced, future
advanced, decisions
advanced, programs
advanced, wall
advanced, US
advanced, negotiators
advanced, legislation
moved, elections
moved, put
moved, lawmakers
moved, Donald
moved, Trump
moved, President
moved, government
moved, Nov
moved, 6
moved, future
moved, decisions
moved, programs
moved, wall
moved, US
moved, negotiators
moved, legislation
elections, put
elections, lawmakers
elections, Donald
elections, Trump
elections, President
elections, government
elections, Nov
elections, 6
elections, future
elections, decisions
elections, programs
elections, wall
elections, US
elections, negotiators
elections, legislation
put, lawmakers
put, Donald
put, Trump
put, President
put, government
put, Nov
put, 6
put, future
put, decisions
put, programs
put, wall
put, US
put, negotiators
put, legislation
lawmakers, Donald
lawmakers, Trump
lawmakers, President
lawmakers, government
lawmakers, Nov
lawmakers, 6
lawmakers, future
lawmakers, decisions
lawmakers, programs
lawmakers, wall
lawmakers, US
lawmakers, negotiators
lawmakers, legislation
Donald, Trump
Donald, President
Donald, government
Donald, Nov
Donald, 6
Donald, future
Donald, decisions
Donald, programs
Donald, wall
Donald, US
Donald, negotiators
Donald, legislation
Trump, President
Trump, government
Trump, Nov
Trump, 6
Trump, future
Trump, decisions
Trump, programs
Trump, wall
Trump, US
Trump, negotiators
Trump, legislation
President, government
President, Nov
President, 6
President, future
President, decisions
President, programs
President, wall
President, US
President, negotiators
President, legislation
government, Nov
government, 6
government, future
government, decisions
government, programs
government, wall
government, US
government, negotiators
government, legislation
Nov, 6
Nov, future
Nov, decisions
Nov, programs
Nov, wall
Nov, US
Nov, negotiators
Nov, legislation
6, future
6, decisions
6, programs
6, wall
6, US
6, negotiators
6, legislation
future, decisions
future, programs
future, wall
future, US
future, negotiators
future, legislation
decisions, programs
decisions, wall
decisions, US
decisions, negotiators
decisions, legislation
programs, wall
programs, US
programs, negotiators
programs, legislation
wall, US
wall, negotiators
wall, legislation
US, negotiators
US, legislation
negotiators, legislation
President, statements were
President, @realDonaldTrump
President, verified
President, Twitter
President, personal
President, account
President, US
President, posted
President, Donald
President, Trump
statements were, @realDonaldTrump
statements were, verified
statements were, Twitter
statements were, personal
statements were, account
statements were, US
statements were, posted
statements were, Donald
statements were, Trump
@realDonaldTrump, verified
@realDonaldTrump, Twitter
@realDonaldTrump, personal
@realDonaldTrump, account
@realDonaldTrump, US
@realDonaldTrump, posted
@realDonaldTrump, Donald
@realDonaldTrump, Trump
verified, Twitter
verified, personal
verified, account
verified, US
verified, posted
verified, Donald
verified, Trump
Twitter, personal
Twitter, account
Twitter, US
Twitter, posted
Twitter, Donald
Twitter, Trump
personal, account
personal, US
personal, posted
personal, Donald
personal, Trump
account, US
account, posted
account, Donald
account, Trump
US, posted
US, Donald
US, Trump
posted, Donald
posted, Trump
Donald, Trump
President, Senate
President, Republican-led
President, Judiciary
President, set
President, week
President, Supr
President, Committee
President, vote
President, US
President, Donald
President, Trump
Senate, Republican-led
Senate, Judiciary
Senate, set
Senate, week
Senate, Supr
Senate, Committee
Senate, vote
Senate, US
Senate, Donald
Senate, Trump
Republican-led, Judiciary
Republican-led, set
Republican-led, week
Republican-led, Supr
Republican-led, Committee
Republican-led, vote
Republican-led, US
Republican-led, Donald
Republican-led, Trump
Judiciary, set
Judiciary, week
Judiciary, Supr
Judiciary, Committee
Judiciary, vote
Judiciary, US
Judiciary, Donald
Judiciary, Trump
set, week
set, Supr
set, Committee
set, vote
set, US
set, Donald
set, Trump
week, Supr
week, Committee
week, vote
week, US
week, Donald
week, Trump
Supr, Committee
Supr, vote
Supr, US
Supr, Donald
Supr, Trump
Committee, vote
Committee, US
Committee, Donald
Committee, Trump
vote, US
vote, Donald
vote, Trump
US, Donald
US, Trump
Donald, Trump
disputed, figure
disputed, study
disputed, inflating
disputed, death
disputed, independent
disputed, Rico
disputed, year
disputed, accused
disputed, Puerto
disputed, official
disputed, 3000
disputed, toll
disputed, Donald
disputed, Trump
disputed, President
disputed, Democrats
disputed, hurricanes
disputed, academic
disputed, reached
disputed, US
figure, study
figure, inflating
figure, death
figure, independent
figure, Rico
figure, year
figure, accused
figure, Puerto
figure, official
figure, 3000
figure, toll
figure, Donald
figure, Trump
figure, President
figure, Democrats
figure, hurricanes
figure, academic
figure, reached
figure, US
study, inflating
study, death
study, independent
study, Rico
study, year
study, accused
study, Puerto
study, official
study, 3000
study, toll
study, Donald
study, Trump
study, President
study, Democrats
study, hurricanes
study, academic
study, reached
study, US
inflating, death
inflating, independent
inflating, Rico
inflating, year
inflating, accused
inflating, Puerto
inflating, official
inflating, 3000
inflating, toll
inflating, Donald
inflating, Trump
inflating, President
inflating, Democrats
inflating, hurricanes
inflating, academic
inflating, reached
inflating, US
death, independent
death, Rico
death, year
death, accused
death, Puerto
death, official
death, 3000
death, toll
death, Donald
death, Trump
death, President
death, Democrats
death, hurricanes
death, academic
death, reached
death, US
independent, Rico
independent, year
independent, accused
independent, Puerto
independent, official
independent, 3000
independent, toll
independent, Donald
independent, Trump
independent, President
independent, Democrats
independent, hurricanes
independent, academic
independent, reached
independent, US
Rico, year
Rico, accused
Rico, Puerto
Rico, official
Rico, 3000
Rico, toll
Rico, Donald
Rico, Trump
Rico, President
Rico, Democrats
Rico, hurricanes
Rico, academic
Rico, reached
Rico, US
year, accused
year, Puerto
year, official
year, 3000
year, toll
year, Donald
year, Trump
year, President
year, Democrats
year, hurricanes
year, academic
year, reached
year, US
accused, Puerto
accused, official
accused, 3000
accused, toll
accused, Donald
accused, Trump
accused, President
accused, Democrats
accused, hurricanes
accused, academic
accused, reached
accused, US
Puerto, official
Puerto, 3000
Puerto, toll
Puerto, Donald
Puerto, Trump
Puerto, President
Puerto, Democrats
Puerto, hurricanes
Puerto, academic
Puerto, reached
Puerto, US
official, 3000
official, toll
official, Donald
official, Trump
official, President
official, Democrats
official, hurricanes
official, academic
official, reached
official, US
3000, toll
3000, Donald
3000, Trump
3000, President
3000, Democrats
3000, hurricanes
3000, academic
3000, reached
3000, US
toll, Donald
toll, Trump
toll, President
toll, Democrats
toll, hurricanes
toll, academic
toll, reached
toll, US
Donald, Trump
Donald, President
Donald, Democrats
Donald, hurricanes
Donald, academic
Donald, reached
Donald, US
Trump, President
Trump, Democrats
Trump, hurricanes
Trump, academic
Trump, reached
Trump, US
President, Democrats
President, hurricanes
President, academic
President, reached
President, US
Democrats, hurricanes
Democrats, academic
Democrats, reached
Democrats, US
hurricanes, academic
hurricanes, reached
hurricanes, US
academic, reached
academic, US
reached, US
death, bad
death, year
death, official
death, Republican
death, 3000
death, Paul
death, toll
death, Donald
death, President
death, speaking
death, Hurricane
death, make
death, US
death, Speaker
death, dispute
death, inflating
death, Rico
death, accused
death, Puerto
death, House
death, Trump
death, Ryan
death, Democrats
death, fellow
death, Maria
death, president
bad, year
bad, official
bad, Republican
bad, 3000
bad, Paul
bad, toll
bad, Donald
bad, President
bad, speaking
bad, Hurricane
bad, make
bad, US
bad, Speaker
bad, dispute
bad, inflating
bad, Rico
bad, accused
bad, Puerto
bad, House
bad, Trump
bad, Ryan
bad, Democrats
bad, fellow
bad, Maria
bad, president
year, official
year, Republican
year, 3000
year, Paul
year, toll
year, Donald
year, President
year, speaking
year, Hurricane
year, make
year, US
year, Speaker
year, dispute
year, inflating
year, Rico
year, accused
year, Puerto
year, House
year, Trump
year, Ryan
year, Democrats
year, fellow
year, Maria
year, president
official, Republican
official, 3000
official, Paul
official, toll
official, Donald
official, President
official, speaking
official, Hurricane
official, make
official, US
official, Speaker
official, dispute
official, inflating
official, Rico
official, accused
official, Puerto
official, House
official, Trump
official, Ryan
official, Democrats
official, fellow
official, Maria
official, president
Republican, 3000
Republican, Paul
Republican, toll
Republican, Donald
Republican, President
Republican, speaking
Republican, Hurricane
Republican, make
Republican, US
Republican, Speaker
Republican, dispute
Republican, inflating
Republican, Rico
Republican, accused
Republican, Puerto
Republican, House
Republican, Trump
Republican, Ryan
Republican, Democrats
Republican, fellow
Republican, Maria
Republican, president
3000, Paul
3000, toll
3000, Donald
3000, President
3000, speaking
3000, Hurricane
3000, make
3000, US
3000, Speaker
3000, dispute
3000, inflating
3000, Rico
3000, accused
3000, Puerto
3000, House
3000, Trump
3000, Ryan
3000, Democrats
3000, fellow
3000, Maria
3000, president
Paul, toll
Paul, Donald
Paul, President
Paul, speaking
Paul, Hurricane
Paul, make
Paul, US
Paul, Speaker
Paul, dispute
Paul, inflating
Paul, Rico
Paul, accused
Paul, Puerto
Paul, House
Paul, Trump
Paul, Ryan
Paul, Democrats
Paul, fellow
Paul, Maria
Paul, president
toll, Donald
toll, President
toll, speaking
toll, Hurricane
toll, make
toll, US
toll, Speaker
toll, dispute
toll, inflating
toll, Rico
toll, accused
toll, Puerto
toll, House
toll, Trump
toll, Ryan
toll, Democrats
toll, fellow
toll, Maria
toll, president
Donald, President
Donald, speaking
Donald, Hurricane
Donald, make
Donald, US
Donald, Speaker
Donald, dispute
Donald, inflating
Donald, Rico
Donald, accused
Donald, Puerto
Donald, House
Donald, Trump
Donald, Ryan
Donald, Democrats
Donald, fellow
Donald, Maria
Donald, president
President, speaking
President, Hurricane
President, make
President, US
President, Speaker
President, dispute
President, inflating
President, Rico
President, accused
President, Puerto
President, House
President, Trump
President, Ryan
President, Democrats
President, fellow
President, Maria
President, president
speaking, Hurricane
speaking, make
speaking, US
speaking, Speaker
speaking, dispute
speaking, inflating
speaking, Rico
speaking, accused
speaking, Puerto
speaking, House
speaking, Trump
speaking, Ryan
speaking, Democrats
speaking, fellow
speaking, Maria
speaking, president
Hurricane, make
Hurricane, US
Hurricane, Speaker
Hurricane, dispute
Hurricane, inflating
Hurricane, Rico
Hurricane, accused
Hurricane, Puerto
Hurricane, House
Hurricane, Trump
Hurricane, Ryan
Hurricane, Democrats
Hurricane, fellow
Hurricane, Maria
Hurricane, president
make, US
make, Speaker
make, dispute
make, inflating
make, Rico
make, accused
make, Puerto
make, House
make, Trump
make, Ryan
make, Democrats
make, fellow
make, Maria
make, president
US, Speaker
US, dispute
US, inflating
US, Rico
US, accused
US, Puerto
US, House
US, Trump
US, Ryan
US, Democrats
US, fellow
US, Maria
US, president
Speaker, dispute
Speaker, inflating
Speaker, Rico
Speaker, accused
Speaker, Puerto
Speaker, House
Speaker, Trump
Speaker, Ryan
Speaker, Democrats
Speaker, fellow
Speaker, Maria
Speaker, president
dispute, inflating
dispute, Rico
dispute, accused
dispute, Puerto
dispute, House
dispute, Trump
dispute, Ryan
dispute, Democrats
dispute, fellow
dispute, Maria
dispute, president
inflating, Rico
inflating, accused
inflating, Puerto
inflating, House
inflating, Trump
inflating, Ryan
inflating, Democrats
inflating, fellow
inflating, Maria
inflating, president
Rico, accused
Rico, Puerto
Rico, House
Rico, Trump
Rico, Ryan
Rico, Democrats
Rico, fellow
Rico, Maria
Rico, president
accused, Puerto
accused, House
accused, Trump
accused, Ryan
accused, Democrats
accused, fellow
accused, Maria
accused, president
Puerto, House
Puerto, Trump
Puerto, Ryan
Puerto, Democrats
Puerto, fellow
Puerto, Maria
Puerto, president
House, Trump
House, Ryan
House, Democrats
House, fellow
House, Maria
House, president
Trump, Ryan
Trump, Democrats
Trump, fellow
Trump, Maria
Trump, president
Ryan, Democrats
Ryan, fellow
Ryan, Maria
Ryan, president
Democrats, fellow
Democrats, Maria
Democrats, president
fellow, Maria
fellow, president
Maria, president
congressional, voted
congressional, Republican
congressional, Representatives
congressional, Donald
congressional, President
congressional, ploy
congressional, partisan
congressional, panel
congressional, make
congressional, US
congressional, cuts
congressional, move
congressional, Republican-led
congressional, individual
congressional, widely
congressional, House
congressional, tax
congressional, elections
congressional, Trump
congressional, candidates
congressional, 2017
congressional, Nov
congressional, permanent
congressional, overhaul
congressional, 6
voted, Republican
voted, Representatives
voted, Donald
voted, President
voted, ploy
voted, partisan
voted, panel
voted, make
voted, US
voted, cuts
voted, move
voted, Republican-led
voted, individual
voted, widely
voted, House
voted, tax
voted, elections
voted, Trump
voted, candidates
voted, 2017
voted, Nov
voted, permanent
voted, overhaul
voted, 6
Republican, Representatives
Republican, Donald
Republican, President
Republican, ploy
Republican, partisan
Republican, panel
Republican, make
Republican, US
Republican, cuts
Republican, move
Republican, Republican-led
Republican, individual
Republican, widely
Republican, House
Republican, tax
Republican, elections
Republican, Trump
Republican, candidates
Republican, 2017
Republican, Nov
Republican, permanent
Republican, overhaul
Republican, 6
Representatives, Donald
Representatives, President
Representatives, ploy
Representatives, partisan
Representatives, panel
Representatives, make
Representatives, US
Representatives, cuts
Representatives, move
Representatives, Republican-led
Representatives, individual
Representatives, widely
Representatives, House
Representatives, tax
Representatives, elections
Representatives, Trump
Representatives, candidates
Representatives, 2017
Representatives, Nov
Representatives, permanent
Representatives, overhaul
Representatives, 6
Donald, President
Donald, ploy
Donald, partisan
Donald, panel
Donald, make
Donald, US
Donald, cuts
Donald, move
Donald, Republican-led
Donald, individual
Donald, widely
Donald, House
Donald, tax
Donald, elections
Donald, Trump
Donald, candidates
Donald, 2017
Donald, Nov
Donald, permanent
Donald, overhaul
Donald, 6
President, ploy
President, partisan
President, panel
President, make
President, US
President, cuts
President, move
President, Republican-led
President, individual
President, widely
President, House
President, tax
President, elections
President, Trump
President, candidates
President, 2017
President, Nov
President, permanent
President, overhaul
President, 6
ploy, partisan
ploy, panel
ploy, make
ploy, US
ploy, cuts
ploy, move
ploy, Republican-led
ploy, individual
ploy, widely
ploy, House
ploy, tax
ploy, elections
ploy, Trump
ploy, candidates
ploy, 2017
ploy, Nov
ploy, permanent
ploy, overhaul
ploy, 6
partisan, panel
partisan, make
partisan, US
partisan, cuts
partisan, move
partisan, Republican-led
partisan, individual
partisan, widely
partisan, House
partisan, tax
partisan, elections
partisan, Trump
partisan, candidates
partisan, 2017
partisan, Nov
partisan, permanent
partisan, overhaul
partisan, 6
panel, make
panel, US
panel, cuts
panel, move
panel, Republican-led
panel, individual
panel, widely
panel, House
panel, tax
panel, elections
panel, Trump
panel, candidates
panel, 2017
panel, Nov
panel, permanent
panel, overhaul
panel, 6
make, US
make, cuts
make, move
make, Republican-led
make, individual
make, widely
make, House
make, tax
make, elections
make, Trump
make, candidates
make, 2017
make, Nov
make, permanent
make, overhaul
make, 6
US, cuts
US, move
US, Republican-led
US, individual
US, widely
US, House
US, tax
US, elections
US, Trump
US, candidates
US, 2017
US, Nov
US, permanent
US, overhaul
US, 6
cuts, move
cuts, Republican-led
cuts, individual
cuts, widely
cuts, House
cuts, tax
cuts, elections
cuts, Trump
cuts, candidates
cuts, 2017
cuts, Nov
cuts, permanent
cuts, overhaul
cuts, 6
move, Republican-led
move, individual
move, widely
move, House
move, tax
move, elections
move, Trump
move, candidates
move, 2017
move, Nov
move, permanent
move, overhaul
move, 6
Republican-led, individual
Republican-led, widely
Republican-led, House
Republican-led, tax
Republican-led, elections
Republican-led, Trump
Republican-led, candidates
Republican-led, 2017
Republican-led, Nov
Republican-led, permanent
Republican-led, overhaul
Republican-led, 6
individual, widely
individual, House
individual, tax
individual, elections
individual, Trump
individual, candidates
individual, 2017
individual, Nov
individual, permanent
individual, overhaul
individual, 6
widely, House
widely, tax
widely, elections
widely, Trump
widely, candidates
widely, 2017
widely, Nov
widely, permanent
widely, overhaul
widely, 6
House, tax
House, elections
House, Trump
House, candidates
House, 2017
House, Nov
House, permanent
House, overhaul
House, 6
tax, elections
tax, Trump
tax, candidates
tax, 2017
tax, Nov
tax, permanent
tax, overhaul
tax, 6
elections, Trump
elections, candidates
elections, 2017
elections, Nov
elections, permanent
elections, overhaul
elections, 6
Trump, candidates
Trump, 2017
Trump, Nov
Trump, permanent
Trump, overhaul
Trump, 6
candidates, 2017
candidates, Nov
candidates, permanent
candidates, overhaul
candidates, 6
2017, Nov
2017, permanent
2017, overhaul
2017, 6
Nov, permanent
Nov, overhaul
Nov, 6
permanent, overhaul
permanent, 6
overhaul, 6
issue, implementing
issue, Sessions
issue, barring
issue, accused
issue, back
issue, courts
issue, vowed
issue, activism
issue, engaging
issue, judicial
issue, government
issue, injunctions
issue, regulations
issue, Jeff
issue, federal
issue, General
issue, nationwide
issue, Attorney
issue, judges
issue, US
issue, fight
implementing, Sessions
implementing, barring
implementing, accused
implementing, back
implementing, courts
implementing, vowed
implementing, activism
implementing, engaging
implementing, judicial
implementing, government
implementing, injunctions
implementing, regulations
implementing, Jeff
implementing, federal
implementing, General
implementing, nationwide
implementing, Attorney
implementing, judges
implementing, US
implementing, fight
Sessions, barring
Sessions, accused
Sessions, back
Sessions, courts
Sessions, vowed
Sessions, activism
Sessions, engaging
Sessions, judicial
Sessions, government
Sessions, injunctions
Sessions, regulations
Sessions, Jeff
Sessions, federal
Sessions, General
Sessions, nationwide
Sessions, Attorney
Sessions, judges
Sessions, US
Sessions, fight
barring, accused
barring, back
barring, courts
barring, vowed
barring, activism
barring, engaging
barring, judicial
barring, government
barring, injunctions
barring, regulations
barring, Jeff
barring, federal
barring, General
barring, nationwide
barring, Attorney
barring, judges
barring, US
barring, fight
accused, back
accused, courts
accused, vowed
accused, activism
accused, engaging
accused, judicial
accused, government
accused, injunctions
accused, regulations
accused, Jeff
accused, federal
accused, General
accused, nationwide
accused, Attorney
accused, judges
accused, US
accused, fight
back, courts
back, vowed
back, activism
back, engaging
back, judicial
back, government
back, injunctions
back, regulations
back, Jeff
back, federal
back, General
back, nationwide
back, Attorney
back, judges
back, US
back, fight
courts, vowed
courts, activism
courts, engaging
courts, judicial
courts, government
courts, injunctions
courts, regulations
courts, Jeff
courts, federal
courts, General
courts, nationwide
courts, Attorney
courts, judges
courts, US
courts, fight
vowed, activism
vowed, engaging
vowed, judicial
vowed, government
vowed, injunctions
vowed, regulations
vowed, Jeff
vowed, federal
vowed, General
vowed, nationwide
vowed, Attorney
vowed, judges
vowed, US
vowed, fight
activism, engaging
activism, judicial
activism, government
activism, injunctions
activism, regulations
activism, Jeff
activism, federal
activism, General
activism, nationwide
activism, Attorney
activism, judges
activism, US
activism, fight
engaging, judicial
engaging, government
engaging, injunctions
engaging, regulations
engaging, Jeff
engaging, federal
engaging, General
engaging, nationwide
engaging, Attorney
engaging, judges
engaging, US
engaging, fight
judicial, government
judicial, injunctions
judicial, regulations
judicial, Jeff
judicial, federal
judicial, General
judicial, nationwide
judicial, Attorney
judicial, judges
judicial, US
judicial, fight
government, injunctions
government, regulations
government, Jeff
government, federal
government, General
government, nationwide
government, Attorney
government, judges
government, US
government, fight
injunctions, regulations
injunctions, Jeff
injunctions, federal
injunctions, General
injunctions, nationwide
injunctions, Attorney
injunctions, judges
injunctions, US
injunctions, fight
regulations, Jeff
regulations, federal
regulations, General
regulations, nationwide
regulations, Attorney
regulations, judges
regulations, US
regulations, fight
Jeff, federal
Jeff, General
Jeff, nationwide
Jeff, Attorney
Jeff, judges
Jeff, US
Jeff, fight
federal, General
federal, nationwide
federal, Attorney
federal, judges
federal, US
federal, fight
General, nationwide
General, Attorney
General, judges
General, US
General, fight
nationwide, Attorney
nationwide, judges
nationwide, US
nationwide, fight
Attorney, judges
Attorney, US
Attorney, fight
judges, US
judges, fight
US, fight
